,City,Cloudiness,Country,Date,Humidity,Lat,Lng,Max Temp,Wind Speed
0,soroca,0,UA,1571099931,91,48.16,28.28,277.04,1.104
1,axim,67,GH,1571099931,94,4.87,-2.24,297.09,1.722
2,port alfred,50,ZA,1571099931,81,-33.59,26.89,290.37,2.68
3,yima,100,CN,1571099931,41,34.75,111.87,286.01,4.034
4,thompson,90,CA,1571099931,95,55.74,-97.86,274.15,2.6
5,marzuq,0,YE,1571099931,53,14.4,46.47,292.78,0.424
6,constitucion,75,MX,1571099931,38,23.99,-104.67,296.15,1.5
7,sarab,0,IR,1571099931,35,38.61,44.99,282.23,0.286
8,avarua,70,CK,1571099931,69,-21.21,-159.78,298.15,6.7
9,saint-philippe,1,CA,1571099931,61,45.36,-73.48,282.59,3.6
10,lebu,20,ET,1571099931,71,8.96,38.73,283.15,2.065
11,zarichne,39,UA,1571099931,74,49.02,37.94,283.93,2.699
12,usinsk,100,RU,1571099931,96,66.0,57.56,274.05,5.567
13,novyy urengoy,100,RU,1571099931,98,66.08,76.63,277.38,2.704
14,punta arenas,0,CL,1571099931,80,-53.16,-70.91,278.15,1.5
15,vanimo,100,PG,1571099931,72,-2.67,141.3,300.89,2.189
16,masterton,100,NZ,1571099931,66,-40.95,175.66,288.15,1.79
17,ola,63,RU,1571099931,51,59.58,151.3,270.09,3.183
18,mar del plata,0,AR,1571099931,75,-46.43,-67.52,280.85,3.217
19,barrow,100,AR,1571099931,80,-38.31,-60.23,276.88,2.384
20,tasiilaq,65,GL,1571099931,80,65.61,-37.64,273.15,3.6
21,ushuaia,70,AR,1571099931,70,-54.81,-68.31,279.15,11.8
22,leshukonskoye,100,RU,1571099931,91,64.9,45.76,273.22,1.914
23,katsuura,75,JP,1571099931,72,33.93,134.5,293.15,7.2
24,cabo san lucas,20,MX,1571099931,88,22.89,-109.91,300.93,1.0
25,souillac,70,FR,1571099931,93,45.6,-0.6,287.59,4.1
26,ochakiv,20,UA,1571099931,100,46.61,31.55,282.15,2.866
27,rikitea,31,PF,1571099931,82,-23.12,-134.97,296.47,4.05
28,hobart,75,AU,1571099931,82,-42.88,147.33,286.15,5.7
29,alihe,0,CN,1571099931,37,50.57,123.73,279.84,3.89
30,bouca,100,CF,1571099931,95,6.51,18.28,293.51,0.691
31,cape town,75,ZA,1571099931,77,-33.93,18.42,289.26,3.6
32,lavrentiya,100,RU,1571099931,77,65.58,-170.99,275.67,9.145
33,torbay,90,CA,1571099931,80,47.66,-52.73,279.82,4.1
34,mataura,0,NZ,1571099931,55,-46.19,168.86,290.4,0.599
35,nizhniy tsasuchey,44,RU,1571099931,32,50.52,115.13,283.82,5.718
36,nikolskoye,90,RU,1571099931,80,59.7,30.79,278.15,4.0
37,baykit,100,RU,1571099931,94,61.68,96.39,275.91,1.544
38,yulara,51,AU,1571099931,8,-25.24,130.99,308.15,2.6
39,puerto ayora,20,EC,1571099931,64,-0.74,-90.35,295.15,7.2
40,port lincoln,19,AU,1571099931,59,-34.72,135.86,289.77,1.729
41,chokurdakh,100,RU,1571099931,93,70.62,147.9,267.2,6.248
42,beringovskiy,100,RU,1571099931,94,63.05,179.32,277.45,13.267
43,vuktyl,100,RU,1571099931,96,63.86,57.31,275.95,4.114
44,kapaa,1,US,1571099931,70,22.08,-159.32,302.15,7.2
45,marsaxlokk,40,MT,1571099931,88,35.84,14.54,295.15,3.6
46,laramie,1,US,1571099931,20,41.31,-105.59,286.15,4.1
47,kokopo,100,PG,1571099931,82,-4.34,152.27,300.69,9.435
48,atuona,0,PF,1571099931,74,-9.8,-139.03,299.93,8.388
49,bonavista,99,CA,1571099931,82,48.65,-53.11,278.71,1.79
50,port elizabeth,1,US,1571099931,87,39.31,-74.98,290.93,2.693
51,saint-joseph,90,FR,1571099931,77,43.56,6.97,294.15,2.1
52,esperance,75,AU,1571099931,82,-33.86,121.89,286.15,9.8
53,mahebourg,40,MU,1571099931,100,-20.41,57.7,293.15,2.6
54,parakai,57,NZ,1571099931,82,-36.66,174.44,290.37,7.2
55,hithadhoo,100,MV,1571099931,88,-0.6,73.08,299.23,7.083
56,port macquarie,0,AU,1571099931,34,-31.43,152.91,300.37,5.7
57,aklavik,40,CA,1571099931,85,68.22,-135.01,268.15,1.5
58,gornopravdinsk,100,RU,1571099931,94,60.06,69.92,279.0,3.142
59,jieshi,19,CN,1571099931,68,22.82,115.83,298.15,1.34
60,pozo colorado,100,PY,1571099931,87,-23.49,-58.8,293.49,5.252
61,yaan,100,NG,1571099931,95,7.38,8.57,295.76,4.842
62,paita,0,PE,1571099931,75,-5.09,-81.11,291.03,1.831
63,port blair,100,IN,1571099931,76,11.67,92.75,302.1,6.439
64,mount gambier,90,AU,1571099931,72,-37.83,140.78,288.15,4.6
65,pisco,0,PE,1571099931,82,-13.71,-76.2,291.15,6.7
66,airai,0,TL,1571099931,21,-8.93,125.41,304.5,3.278
67,ignacio zaragoza,40,MX,1571099931,43,20.02,-99.32,295.15,5.1
68,jalu,14,LY,1571099931,35,29.03,21.55,297.85,4.939
69,saskylakh,96,RU,1571099931,96,71.97,114.09,268.04,2.522
70,severo-kurilsk,100,RU,1571099931,73,50.68,156.12,275.41,9.895
71,gat,100,SN,1571099931,94,14.69,-16.54,300.15,3.1
72,diffa,8,NE,1571099931,42,13.32,12.61,302.95,3.176
73,katobu,88,ID,1571099931,36,-4.94,122.53,306.74,2.406
74,cherskiy,91,RU,1571099931,88,68.75,161.3,265.43,3.215
75,bluff,0,AU,1571099931,19,-23.58,149.07,308.27,6.29
76,sendai,75,JP,1571099931,55,38.27,140.87,290.15,4.6
77,atambua,0,ID,1571099931,35,-9.11,124.89,302.13,3.444
78,northam,40,AU,1571099931,41,-31.65,116.67,289.15,6.2
79,mayumba,98,GA,1571099931,89,-3.44,10.65,297.47,1.718
80,upernavik,100,GL,1571099931,63,72.79,-56.15,270.07,6.479
81,peterhead,1,AU,1571099931,63,-34.83,138.5,292.04,5.1
82,hammerfest,75,NO,1571099931,91,70.66,23.68,273.15,3.1
83,qaanaaq,100,GL,1571099931,85,77.48,-69.36,267.3,4.802
84,busselton,72,AU,1571099931,39,-33.64,115.35,290.37,4.026
85,hamilton,75,CA,1571099931,70,43.26,-79.87,282.15,1.5
86,vila,75,IT,1571099931,100,45.18,8.4,289.82,1.5
87,aleksin,46,RU,1571099931,91,54.5,37.07,284.19,5.27
88,pangnirtung,100,CA,1571099931,62,66.15,-65.72,270.66,0.547
89,bulawayo,0,ZW,1571099931,68,-20.16,28.59,288.87,4.502
90,ilulissat,79,GL,1571099931,67,69.22,-51.1,266.15,6.2
91,east london,5,ZA,1571099931,67,-33.02,27.91,291.39,9.523
92,coolum beach,85,AU,1571099931,73,-26.53,153.09,299.26,3.13
93,luganville,90,VU,1571099931,78,-15.51,167.18,299.15,3.1
94,morogoro,20,TZ,1571099931,94,-6.82,37.67,294.15,0.772
95,mehamn,94,NO,1571099931,85,71.03,27.85,272.92,1.322
96,hermanus,0,ZA,1571099931,90,-34.42,19.24,288.15,1.696
97,syracuse,90,US,1571099931,81,43.05,-76.15,282.15,2.405
98,ginir,82,ET,1571099931,73,7.14,40.71,285.87,3.594
99,plainview,1,US,1571099931,49,34.18,-101.71,296.15,2.6
100,alpena,1,US,1571099931,74,45.06,-83.43,278.15,2.1
101,hilo,75,US,1571099931,58,19.71,-155.08,302.15,4.1
102,tiksi,98,RU,1571099931,86,71.64,128.87,264.91,3.661
103,vao,8,EE,1571099931,93,59.1,26.19,275.45,1.736
104,mandalgovi,0,MN,1571099931,32,45.76,106.27,275.69,3.037
105,bredasdorp,19,ZA,1571099931,76,-34.53,20.04,288.15,2.1
106,carnarvon,0,ZA,1571099931,39,-30.97,22.13,284.01,6.604
107,leningradskiy,100,RU,1571099931,79,69.38,178.42,274.48,5.171
108,biloela,0,AU,1571099931,28,-24.4,150.51,304.95,5.688
109,fortuna,75,US,1571099931,100,40.6,-124.16,292.59,2.1
110,turukhansk,100,RU,1571099931,98,65.8,87.96,277.47,3.517
111,saint george,0,GR,1571099931,93,39.45,22.34,286.15,0.355
112,enniscorthy,48,IE,1571099931,88,52.5,-6.56,285.93,0.45
113,cadillac,1,US,1571099931,82,44.25,-85.4,278.15,2.643
114,dikson,98,RU,1571099931,78,73.51,80.55,269.79,10.791
115,longyearbyen,75,NO,1571099931,79,78.22,15.63,268.15,1.0
116,narsaq,0,GL,1571099931,41,60.91,-46.05,273.15,2.1
117,albany,40,US,1571099931,54,42.65,-73.75,287.15,4.6
118,verkhneyarkeyevo,100,RU,1571099931,93,55.45,54.3,278.91,3.912
119,cagliliog,4,PH,1571099931,78,13.9,123.29,300.89,5.536
120,isangel,75,VU,1571099931,61,-19.55,169.27,299.15,6.2
121,prince rupert,90,CA,1571099931,87,54.32,-130.32,281.15,7.7
122,tura,100,RU,1571099931,97,64.27,100.22,273.41,1.124
123,bathsheba,40,BB,1571099931,69,13.22,-59.52,301.15,7.7
124,college,20,US,1571099931,47,64.86,-147.8,274.15,4.1
125,vila velha,75,BR,1571099931,74,-3.71,-38.6,300.15,4.1
126,tuktoyaktuk,40,CA,1571099931,85,69.44,-133.03,269.15,3.1
127,tricase,40,IT,1571099931,93,39.93,18.36,288.15,2.341
128,new norfolk,75,AU,1571099931,82,-42.78,147.06,286.15,5.7
129,traverse city,40,US,1571099931,70,44.76,-85.62,282.15,2.1
130,arraial do cabo,0,BR,1571099931,87,-22.97,-42.02,295.28,1.712
131,san patricio,100,PY,1571099931,94,-26.98,-56.83,291.5,4.35
132,vaini,75,IN,1571099931,94,15.34,74.49,296.15,3.1
133,ariquemes,97,BR,1571099931,87,-9.91,-63.03,296.75,1.617
134,lensk,100,RU,1571099931,93,60.71,114.91,273.43,3.955
135,san cristobal,100,HN,1571099931,95,14.68,-86.92,291.94,0.924
136,lorengau,30,PG,1571099931,73,-2.02,147.27,302.12,4.26
137,palmer,9,AU,1571099931,63,-34.85,139.16,294.82,5.1
138,chuy,100,UY,1571099931,75,-33.69,-53.46,285.08,5.418
139,terme,40,TR,1571099931,93,41.21,36.97,288.15,2.1
140,lermontovka,0,RU,1571099931,40,47.15,134.34,274.61,2.737
141,amazar,0,RU,1571099931,41,53.86,120.88,276.33,1.502
142,quballat,20,TN,1571099931,73,36.54,9.66,296.15,5.1
143,antsla,93,EE,1571099931,93,57.83,26.53,279.26,1.5
144,nyurba,26,RU,1571099931,79,63.29,118.35,269.0,1.753
145,north bend,1,US,1571099931,71,43.41,-124.22,288.71,5.1
146,qandala,6,SO,1571099931,75,11.47,49.87,298.02,1.032
147,salalah,40,OM,1571099931,78,17.01,54.1,300.15,2.6
148,buraydah,20,SA,1571099931,41,26.33,43.97,298.15,2.6
149,grants,1,US,1571099931,22,35.15,-107.85,288.15,2.6
150,pyapon,99,MM,1571099931,77,16.29,95.68,302.56,3.738
151,lazaro cardenas,90,MX,1571099931,77,28.39,-105.62,294.15,0.983
152,thunder bay,20,CA,1571099931,86,48.41,-89.26,277.59,2.6
153,sur,0,OM,1571099931,58,22.57,59.53,299.84,2.153
154,provideniya,75,RU,1571099931,75,64.42,-173.23,278.15,7.0
155,fort-shevchenko,0,KZ,1571099931,61,44.51,50.26,286.64,3.271
156,san quintin,99,PH,1571099931,58,17.54,120.52,303.8,2.454
157,manzil salim,20,TN,1571099931,77,35.86,8.48,288.15,1.5
158,churapcha,100,RU,1571099931,91,62.0,132.43,269.12,2.666
159,pevek,100,RU,1571099931,72,69.7,170.27,273.3,1.268
160,wuning,87,CN,1571099931,67,29.26,120.23,289.64,4.934
161,bereda,5,ES,1571099931,93,43.27,-7.54,286.48,4.1
162,quatre cocos,40,MU,1571099931,100,-20.21,57.76,293.15,2.6
163,balotra,0,IN,1571099931,31,25.83,72.24,303.58,3.298
164,yaring,20,TH,1571099931,83,6.87,101.37,300.15,2.6
165,caceres,82,CO,1571099931,97,5.53,-74.53,292.7,1.304
166,gigmoto,2,PH,1571099931,72,13.78,124.39,300.97,4.353
167,auki,99,NG,1571099931,54,12.18,6.51,298.06,0.412
168,mayya,100,RU,1571099931,88,61.74,130.28,270.97,3.386
169,iranshahr,0,IR,1571099931,24,27.21,60.69,295.15,2.454
170,klaksvik,0,FO,1571099931,93,62.23,-6.59,282.15,6.7
171,yellowknife,90,CA,1571099931,65,62.45,-114.38,273.15,3.1
172,severo-yeniseyskiy,100,RU,1571099931,91,60.37,93.04,279.3,3.334
173,sao filipe,100,CV,1571099931,86,14.9,-24.5,298.48,9.488
174,espanola,28,CA,1571099931,80,46.27,-81.77,278.15,2.68
175,tigil,100,RU,1571099931,89,57.8,158.67,273.9,8.221
176,matamoros,1,US,1571099931,78,25.87,-97.51,301.48,3.6
177,gashua,48,NG,1571099931,44,12.87,11.04,301.83,3.397
178,lakatoro,9,VU,1571099931,80,-16.11,167.42,299.62,4.032
179,abalak,0,NE,1571099931,17,15.46,6.28,302.23,2.705
180,sept-iles,90,CA,1571099931,100,50.2,-66.38,280.93,6.7
181,dafeng,67,CN,1571099931,52,33.2,120.46,290.53,5.325
182,lata,0,IN,1571099931,45,30.78,78.62,276.02,1.648
183,mason city,1,US,1571099931,61,43.15,-93.2,283.15,2.6
184,zharkent,79,KZ,1571099931,59,44.17,80.0,286.04,6.843
185,ostersund,90,SE,1571099931,87,63.18,14.64,273.15,2.1
186,dingle,100,PH,1571099931,77,11.0,122.67,301.44,4.746
187,bria,46,CF,1571099931,95,6.54,21.99,293.07,0.403
188,qazvin,0,IR,1571099931,62,36.28,50.01,285.15,1.0
189,kavieng,49,PG,1571099931,68,-2.57,150.8,301.91,1.634
190,alofi,75,NU,1571099931,69,-19.06,-169.92,300.15,4.6
191,khatanga,95,RU,1571099931,93,71.98,102.47,268.61,3.091
192,raahe,0,FI,1571099931,80,64.68,24.47,274.15,2.6
193,amahai,65,ID,1571099931,76,-3.31,129.0,300.2,2.683
194,rebrikha,100,RU,1571099931,40,53.08,82.34,286.9,7.393
195,kailua,20,US,1571099931,66,21.39,-157.74,304.15,6.2
196,ancud,100,CL,1571099931,61,-41.87,-73.83,283.15,1.5
197,teya,40,MX,1571099931,83,21.05,-89.07,302.04,2.1
198,nelson bay,0,AU,1571099931,60,-32.72,152.14,298.15,4.6
199,necochea,75,AR,1571099931,67,-38.55,-58.74,280.37,0.89
200,sao jose da coroa grande,26,BR,1571099931,79,-8.9,-35.15,298.4,7.09
201,canico,20,PT,1571099931,72,32.63,-16.85,293.15,2.1
202,alice springs,87,AU,1571099931,10,-23.7,133.88,308.15,2.6
203,moranbah,0,AU,1571099931,24,-22.0,148.04,307.33,6.152
204,samarai,54,PG,1571099931,71,-10.62,150.67,299.27,4.218
205,wyndham,90,GB,1571099931,100,51.61,-3.54,284.82,1.5
206,takanabe,40,JP,1571099931,53,32.13,131.49,296.15,7.7
207,honningsvag,76,NO,1571099931,69,70.98,25.97,276.2,2.015
208,camacupa,100,AO,1571099931,90,-12.02,17.48,290.66,0.233
209,smithers,90,CA,1571099931,93,54.78,-127.17,275.15,3.1
210,christchurch,36,NZ,1571099931,66,-43.53,172.64,287.59,6.2
211,luderitz,0,NA,1571099931,82,-26.65,15.16,286.15,5.7
212,pacific grove,1,US,1571099931,67,36.62,-121.92,294.26,3.1
213,nautla,58,MX,1571099931,97,20.22,-96.78,295.1,1.01
214,sydney,0,AU,1571099931,50,-33.85,151.22,302.04,6.7
215,jaru,100,BR,1571099931,92,-10.43,-62.48,296.29,0.747
216,cidreira,100,BR,1571099931,76,-30.17,-50.22,289.25,10.128
217,naifaru,8,MV,1571099931,71,5.44,73.37,301.69,3.344
218,amapa,90,HN,1571099931,94,15.09,-87.97,298.15,2.6
219,lompoc,1,US,1571099931,77,34.64,-120.46,292.04,4.1
220,avera,1,US,1571099931,77,33.19,-82.53,295.15,0.984
221,castro,100,CL,1571099931,61,-42.48,-73.76,283.15,1.5
222,tilichiki,0,RU,1571099931,74,60.47,166.1,273.0,4.394
223,nanortalik,0,GL,1571099931,67,60.14,-45.24,275.69,1.632
224,bondo,100,CD,1571099931,94,3.81,23.69,293.59,0.835
225,port-cartier,90,CA,1571099931,100,50.03,-66.88,280.93,6.7
226,kittery,90,US,1571099931,93,43.09,-70.74,287.59,6.868
227,erenhot,0,CN,1571099931,19,43.65,111.97,278.67,1.3
228,bambous virieux,40,MU,1571099931,100,-20.34,57.76,293.15,2.6
229,jacareacanga,87,BR,1571099931,97,-6.22,-57.76,295.57,1.855
230,moron,84,HT,1571099931,78,18.56,-74.26,300.06,3.184
231,kaitangata,71,NZ,1571099931,75,-46.28,169.85,284.82,9.39
232,kodiak,1,US,1571099931,62,39.95,-94.76,289.82,4.1
233,chipinge,0,ZW,1571099931,81,-20.19,32.62,286.91,2.331
234,sobolevo,4,RU,1571099931,92,54.43,31.9,281.74,3.505
235,bukachacha,100,RU,1571099931,41,52.99,116.91,278.15,2.014
236,priladozhskiy,90,RU,1571099931,80,59.85,31.48,278.15,4.0
237,iqaluit,75,CA,1571099931,79,63.75,-68.52,271.15,1.941
238,georgetown,40,GY,1571099931,78,6.8,-58.16,301.15,6.2
239,bulaevo,56,KZ,1571099931,86,54.91,70.44,279.14,6.298
240,kungurtug,0,RU,1571099931,35,50.6,97.53,279.19,0.277
241,warrington,75,GB,1571099931,100,53.39,-2.59,283.15,3.1
242,banda aceh,100,ID,1571099931,90,5.56,95.32,296.12,1.911
243,aden,6,YE,1571099931,65,12.79,45.03,300.42,3.964
244,kaeo,100,NZ,1571099931,100,-35.1,173.78,293.15,8.618
245,ulaanbaatar,0,MN,1571099931,57,47.92,106.92,267.15,0.981
246,opuwo,95,NA,1571099931,63,-18.06,13.84,295.33,2.974
247,sroda wielkopolska,52,PL,1571099931,93,52.23,17.28,287.59,2.1
248,zhigansk,97,RU,1571099931,84,66.77,123.37,265.93,2.288
249,cayenne,99,GF,1571099931,88,4.94,-52.33,298.15,2.328
250,rudnogorsk,100,RU,1571099931,71,57.27,103.75,277.05,3.411
251,arroyo grande,1,US,1571099931,82,35.12,-120.59,293.71,1.5
252,kruisfontein,17,ZA,1571099931,79,-34.0,24.73,287.84,8.108
253,mersing,82,MY,1571099931,69,2.43,103.84,301.39,0.788
254,luba,99,PH,1571099931,58,17.32,120.7,303.8,2.454
255,loding,40,DE,1571099931,93,48.05,12.68,285.37,1.5
256,wewak,56,PG,1571099931,65,-3.55,143.63,302.17,3.134
257,kargasok,100,RU,1571099931,89,59.06,80.87,282.45,4.729
258,sulecin,0,PL,1571099931,87,52.44,15.12,284.26,1.632
259,victoria,75,BN,1571099931,79,5.28,115.24,302.15,1.0
260,naco,75,MX,1571099931,56,31.32,-109.94,295.15,6.7
261,talnakh,100,RU,1571099931,86,69.49,88.39,271.37,0.992
262,dalvik,89,SE,1571099931,93,57.79,14.13,280.93,2.1
263,bethel,1,US,1571099931,49,60.79,-161.76,282.15,5.7
264,brenes,0,ES,1571099931,77,37.55,-5.87,288.15,2.6
265,dali,100,CN,1571099931,47,34.79,109.94,285.84,10.47
266,sar-e pul,0,AF,1571099931,53,36.22,65.93,281.93,1.312
267,ribeira grande,99,PT,1571099931,80,38.52,-28.7,290.36,9.117
268,butaritari,87,KI,1571099931,68,3.07,172.79,302.76,4.128
269,riyadh,0,SA,1571099931,53,24.63,46.72,296.15,1.861
270,burgos,90,ES,1571099931,93,42.34,-3.7,278.15,5.7
271,geraldton,75,CA,1571099931,75,49.72,-86.95,278.15,3.6
272,coquimbo,75,CL,1571099931,72,-29.95,-71.34,288.15,2.1
273,sistranda,91,NO,1571099931,93,63.73,8.83,278.71,5.1
274,sokoni,27,CD,1571099931,74,-12.89,28.78,290.29,2.236
275,strezhevoy,98,RU,1571099931,85,60.73,77.6,280.08,3.827
276,torata,75,EC,1571099931,78,-3.6,-79.89,305.15,1.5
277,abu samrah,100,SY,1571099931,33,35.3,37.18,295.64,3.818
278,purpe,97,RU,1571099931,95,64.48,76.69,278.71,4.585
279,solnechnyy,78,RU,1571099931,27,50.72,136.64,277.61,1.7
280,capitan bado,100,PY,1571099931,89,-23.27,-55.53,294.33,5.078
281,shelabolikha,100,RU,1571099931,41,53.41,82.62,287.38,6.332
282,saint-raymond,40,CA,1571099931,100,46.89,-71.84,282.04,1.5
283,touros,75,BR,1571099931,94,-5.2,-35.46,296.15,3.1
284,wanning,75,AT,1571099931,93,48.64,13.53,285.37,2.6
285,kloulklubed,75,PW,1571099931,70,7.04,134.26,303.15,2.1
286,porto novo,40,BR,1571099931,77,-23.68,-45.44,293.15,3.6
287,balad,97,ID,1571099931,52,-6.76,108.42,301.73,3.862
288,anadyr,75,RU,1571099931,93,64.73,177.51,276.15,8.0
289,tabou,92,CI,1571099931,95,4.42,-7.36,296.46,0.693
290,san carlos de bariloche,90,AR,1571099931,64,-41.13,-71.31,277.15,6.7
291,comodoro rivadavia,0,AR,1571099931,70,-45.87,-67.48,281.15,3.1
292,jamestown,97,AU,1571099931,31,-33.21,138.6,294.4,4.229
293,brae,100,GB,1571099931,93,60.4,-1.35,283.15,3.6
294,margate,75,AU,1571099931,82,-43.03,147.26,286.15,5.7
295,moosomin,100,CA,1571099931,98,50.14,-101.67,273.22,0.87
296,leh,0,IN,1571099931,30,34.16,77.58,274.32,1.532
297,kenai,1,US,1571099931,44,60.55,-151.26,278.15,6.7
298,sao miguel,55,BR,1571099931,87,4.52,-61.01,293.71,1.105
299,taltal,0,CL,1571099931,88,-25.41,-70.49,284.46,1.239
300,camacha,20,PT,1571099931,82,33.08,-16.33,293.15,2.1
301,viedma,96,AR,1571099931,79,-40.81,-62.99,277.0,3.796
302,baruun-urt,0,MN,1571099931,20,46.68,113.28,279.24,8.433
303,clyde river,75,CA,1571099931,74,70.47,-68.59,271.15,3.6
304,sapa,20,PH,1571099931,55,14.32,120.76,305.37,2.1
305,inuvik,40,CA,1571099931,85,68.36,-133.71,268.15,1.5
306,amga,100,RU,1571099931,86,60.89,131.98,270.93,2.301
307,mbini,40,GQ,1571099931,100,1.58,9.62,297.15,4.443
308,dunedin,99,NZ,1571099931,80,-45.87,170.5,284.26,11.18
309,aljezur,26,PT,1571099931,91,37.31,-8.8,287.59,8.05
310,bilibino,100,RU,1571099931,92,68.06,166.44,264.99,0.314
311,aachen,100,BE,1571099931,72,50.78,6.08,291.15,3.6
312,lagoa,0,PT,1571099931,76,37.14,-8.45,287.59,3.6
313,bosaso,3,SO,1571099931,74,11.28,49.18,300.36,4.813
314,talara,0,PE,1571099931,86,-4.58,-81.27,290.95,7.252
315,jasper,1,US,1571099931,100,33.83,-87.28,292.15,0.963
316,neiafu,75,TO,1571099931,83,-18.65,-173.98,300.15,2.6
317,rafai,65,CF,1571099931,96,4.95,23.92,293.2,0.816
318,santiago,82,PH,1571099931,77,16.69,121.54,299.3,1.521
319,qasigiannguit,79,GL,1571099931,67,68.82,-51.19,266.15,6.2
320,phu ly,100,VN,1571099931,88,20.54,105.91,294.96,3.569
321,mocuba,16,MZ,1571099931,97,-16.84,36.99,292.61,0.884
322,grand gaube,40,MU,1571099931,100,-20.01,57.66,293.15,2.6
323,bubaque,100,GW,1571099931,75,11.28,-15.83,301.3,4.519
324,keffi,20,NG,1571099931,83,8.85,7.88,296.15,1.0
325,miles city,1,US,1571099931,65,46.41,-105.84,280.15,8.7
326,vardo,1,US,1571099931,41,39.62,-77.74,289.15,1.5
327,sibolga,100,ID,1571099931,67,1.74,98.78,302.44,0.211
328,kawalu,87,ID,1571099931,61,-7.38,108.21,298.98,2.601
329,nishihara,75,JP,1571099931,68,35.74,139.53,295.93,2.1
330,acapulco,75,MX,1571099931,83,16.86,-99.88,302.15,3.1
331,henties bay,86,NA,1571099931,87,-22.12,14.28,290.37,2.68
332,dustlik,45,UZ,1571099931,46,40.53,68.03,285.97,1.002
333,tsevie,40,TG,1571099931,88,6.43,1.21,299.15,5.1
334,saint-augustin,20,CA,1571099931,75,45.63,-73.98,282.04,1.5
335,kamyshevatskaya,4,RU,1571099931,58,46.41,37.96,287.08,2.248
336,baglan,90,GB,1571099931,100,51.62,-3.81,284.82,1.5
337,byron bay,27,AU,1571099931,69,-28.65,153.62,299.26,4.6
338,mecca,0,SA,1571099931,36,21.43,39.83,302.38,2.209
339,sayyan,0,YE,1571099931,43,15.17,44.32,285.86,3.889
340,celestun,85,MX,1571099931,78,20.87,-90.4,301.78,9.215
341,vostok,0,RU,1571099931,31,46.45,135.83,275.71,5.057
342,antofagasta,0,CL,1571099931,72,-23.65,-70.4,289.15,3.6
343,coxim,43,BR,1571099931,73,-18.5,-54.75,296.19,2.587
344,tevriz,97,RU,1571099931,91,57.51,72.4,278.91,3.778
345,coahuayana,93,MX,1571099931,93,18.62,-100.35,296.34,0.983
346,gravdal,100,NO,1571099931,87,59.79,5.78,283.15,3.1
347,pochutla,75,MX,1571099931,70,15.74,-96.47,302.15,3.1
348,lamu,100,CN,1571099931,94,35.77,102.37,275.4,1.621
349,bay city,1,US,1571099931,75,43.59,-83.89,279.26,2.1
350,thinadhoo,100,MV,1571099931,85,0.53,72.93,299.53,5.53
351,verkhnevilyuysk,39,RU,1571099931,81,63.45,120.31,267.62,2.951
352,haines junction,100,CA,1571099931,70,60.75,-137.51,267.54,3.339
353,sturgeon bay,1,US,1571099931,65,44.83,-87.38,279.15,3.1
354,evensk,27,RU,1571099931,75,61.92,159.24,265.11,3.459
355,itarema,0,BR,1571099931,82,-2.92,-39.92,297.94,4.7
356,saint anthony,1,US,1571099931,28,43.97,-111.68,286.15,4.6
357,killybegs,99,IE,1571099931,96,54.63,-8.45,283.71,1.34
358,ascheberg,34,DE,1571099931,63,51.79,7.62,292.59,4.6
359,ponta delgada,75,PT,1571099931,72,37.73,-25.67,294.82,5.7
360,rawson,87,AR,1571099931,70,-43.3,-65.11,281.15,8.733
361,mutis,100,CO,1571099931,80,6.23,-77.4,299.02,1.24
362,ulladulla,0,AU,1571099931,47,-35.36,150.48,297.15,5.1
363,broken hill,0,AU,1571099931,40,-31.97,141.45,294.15,3.6
364,san jose,100,HN,1571099931,91,14.25,-87.96,289.56,1.778
365,zhangye,71,CN,1571099931,46,38.94,100.46,282.28,0.262
366,znamenskoye,48,RU,1571099931,91,57.13,73.82,278.89,3.58
367,ust-kut,100,RU,1571099931,68,56.78,105.75,276.71,2.171
368,rivers,90,CA,1571099931,99,50.03,-100.23,275.15,2.6
369,ostrovnoy,89,RU,1571099931,86,68.05,39.51,272.9,2.888
370,araouane,2,ML,1571099931,22,18.9,-3.53,305.7,5.568
371,eyl,28,SO,1571099931,80,7.98,49.82,299.94,3.242
372,kattivakkam,75,IN,1571099931,100,13.22,80.32,299.15,2.1
373,codrington,75,AU,1571099931,54,-28.95,153.24,302.59,1.0
374,kidal,0,ML,1571099931,20,18.44,1.41,301.89,3.42
375,chifeng,0,CN,1571099931,17,42.27,118.96,282.31,2.823
376,khilok,100,RU,1571099931,35,51.36,110.46,278.23,2.262
377,ottumwa,1,US,1571099931,71,41.02,-92.41,285.15,2.6
378,promyshlennyy,100,RU,1571099931,86,67.58,63.92,273.01,3.757
379,naze,94,NG,1571099931,97,5.43,7.07,295.78,1.235
380,marsa matruh,40,EG,1571099931,69,31.35,27.25,296.15,2.1
381,sorland,46,NO,1571099931,63,67.67,12.69,279.89,4.818
382,gejiu,82,CN,1571099931,86,23.36,103.16,290.22,1.112
383,aksu,100,KZ,1571099931,68,52.04,76.93,284.27,7.013
384,namibe,26,AO,1571099931,83,-15.19,12.15,294.03,4.723
385,chelmza,0,PL,1571099931,81,53.18,18.6,286.48,4.6
386,rodino,100,RU,1571099931,59,52.5,80.2,285.6,9.363
387,monte san pietro,75,IT,1571099931,100,44.44,11.14,290.93,0.5
388,billings,40,US,1571099931,49,45.79,-108.5,281.15,5.1
389,monchique,0,PT,1571099931,76,37.32,-8.56,287.59,3.6
390,male,0,UA,1571099931,73,50.74,33.7,284.06,2.818
391,chota,81,EC,1571099931,79,0.47,-78.07,284.74,3.101
392,saint-georges,100,CA,1571099931,84,46.12,-70.67,281.48,0.89
393,harper,40,US,1571099931,65,30.3,-99.24,300.15,5.209
394,tuatapere,56,NZ,1571099931,68,-46.13,167.69,286.87,2.373
395,sinnamary,96,GF,1571099931,79,5.38,-52.96,300.54,6.144
396,asyut,0,EG,1571099931,64,27.18,31.19,296.15,5.1
397,saldanha,4,PT,1571099931,93,41.42,-6.55,280.12,2.421
398,waingapu,0,ID,1571099931,70,-9.65,120.26,299.52,3.689
399,kisangani,64,CD,1571099931,96,0.52,25.21,293.98,0.566
400,falesti,0,MD,1571099931,100,47.57,27.71,284.26,3.1
401,hasaki,75,JP,1571099931,68,35.73,140.83,293.15,5.1
402,umm lajj,41,SA,1571099931,34,25.02,37.27,297.89,0.981
403,bikin,0,RU,1571099931,29,46.82,134.25,279.28,4.549
404,masuri,90,KR,1571099931,63,35.85,128.15,290.15,0.5
405,broome,100,GB,1571099931,93,52.47,1.45,288.71,3.6
406,manaus,75,BR,1571099931,88,-3.13,-59.98,299.15,1.5
407,ahipara,77,NZ,1571099931,100,-35.17,173.16,293.15,7.996
408,morant bay,20,JM,1571099931,69,17.88,-76.41,301.15,2.6
409,rundu,0,NA,1571099931,39,-17.91,19.77,299.15,2.6
410,cavalcante,100,BR,1571099931,30,-13.79,-47.46,296.26,2.864
411,havelock,20,US,1571099931,88,34.88,-76.9,294.26,1.5
412,port hedland,0,AU,1571099931,45,-20.31,118.58,302.15,5.1
413,matadi,61,CD,1571099931,95,-5.83,13.46,295.48,0.545
414,ponta do sol,2,BR,1571099931,50,-20.63,-46.0,294.27,1.465
415,ancona,1,US,1571099931,61,41.04,-88.87,283.71,2.6
416,aksarka,100,RU,1571099931,96,66.56,67.8,276.04,7.621
417,port hawkesbury,90,CA,1571099931,100,45.62,-61.36,283.71,4.1
418,saint-pierre,100,FR,1571099931,93,48.95,4.24,289.15,5.7
419,tezu,0,IN,1571099931,45,27.93,96.16,299.43,1.02
420,udachnyy,0,RU,1571099931,84,66.42,112.4,265.2,2.413
421,sao felix do xingu,31,BR,1571099931,91,-6.64,-51.99,295.35,0.935
422,chernyshevskiy,100,RU,1571099931,88,63.01,112.47,272.85,2.621
423,ugra,7,RU,1571099931,90,54.78,34.32,282.49,4.457
424,kokoda,100,PG,1571099931,90,-8.88,147.74,293.03,1.552
425,gardez,0,AF,1571099931,26,33.6,69.22,284.39,1.78
426,noumea,20,NC,1571099931,44,-22.28,166.46,299.15,5.1
427,estelle,100,FR,1571099931,94,43.97,3.47,293.15,11.3
428,okha,100,RU,1571099931,69,53.59,142.95,275.69,9.476
429,nabire,55,ID,1571099931,50,-3.36,135.5,305.71,1.221
430,kintinku,5,TZ,1571099931,88,-5.89,35.22,292.15,3.1
431,chai badan,85,TH,1571099931,60,15.2,101.13,304.26,7.62
432,burias,95,PH,1571099931,72,11.45,122.55,302.16,3.369
433,mabaruma,100,GY,1571099931,98,8.2,-59.78,295.57,0.888
434,kieta,5,PG,1571099931,77,-6.22,155.63,301.58,3.862
435,batagay,95,RU,1571099931,71,67.65,134.64,262.77,0.528
436,rafsanjan,0,IR,1571099931,49,30.4,55.99,285.38,0.6
437,itoman,75,JP,1571099931,69,26.12,127.67,300.15,11.8
438,iralaya,100,HN,1571099931,80,15.0,-83.23,300.83,6.289
439,cockburn town,64,TC,1571099931,76,21.46,-71.14,301.64,5.715
440,athens,0,GR,1571099931,93,37.98,23.73,293.15,1.5
441,japura,100,ID,1571099931,54,-0.42,102.29,305.14,1.498
442,nuuk,0,GL,1571099931,68,64.17,-51.74,269.82,5.1
443,havoysund,75,NO,1571099931,72,71.0,24.66,273.15,3.1
444,menongue,19,AO,1571099931,71,-14.66,17.68,291.66,1.414
445,blyth,20,GB,1571099931,100,55.12,-1.5,283.15,3.6
446,puerto madryn,91,AR,1571099931,68,-42.77,-65.04,280.19,7.032
447,kalmunai,85,LK,1571099931,73,7.42,81.82,301.41,1.72
448,isiro,100,CD,1571099931,97,2.77,27.62,291.61,0.905
449,trairi,20,BR,1571099931,85,-3.28,-39.27,296.92,3.198
450,mollendo,55,PE,1571099931,85,-17.03,-72.02,288.45,3.516
451,ituporanga,100,BR,1571099931,97,-27.41,-49.6,292.04,9.83
452,maceio,20,BR,1571099931,94,-9.67,-35.74,295.15,2.6
453,palmaner,100,IN,1571099931,79,13.2,78.75,298.86,1.371
454,andradina,96,BR,1571099931,59,-20.89,-51.38,300.08,6.233
455,knysna,44,ZA,1571099931,72,-34.04,23.05,288.15,4.1
456,quesnel,90,CA,1571099931,80,52.98,-122.49,277.15,1.5
457,norman wells,20,CA,1571099931,74,65.28,-126.83,271.15,1.5
458,ozinki,9,RU,1571099931,90,51.2,49.73,285.33,7.508
459,chabahar,0,IR,1571099931,83,25.29,60.65,297.15,1.068
460,laguna,90,BZ,1571099931,94,16.17,-88.94,298.15,1.409
461,richards bay,33,ZA,1571099931,83,-28.77,32.06,294.49,8.004
462,swift current,90,CA,1571099931,74,50.29,-107.8,275.15,6.7
463,sulangan,49,PH,1571099931,71,11.14,123.72,301.68,4.058
464,labuhan,26,ID,1571099931,41,-2.54,115.51,308.76,0.958
465,paredon,20,BO,1571099931,66,-18.93,-65.16,286.15,2.6
466,la ronge,90,CA,1571099931,93,55.1,-105.3,275.15,4.6
467,santona,20,ES,1571099931,71,43.44,-3.46,287.04,3.6
468,meulaboh,22,ID,1571099931,78,4.14,96.13,299.35,2.734
469,kavaratti,96,IN,1571099931,69,10.57,72.64,301.72,1.57
470,chor,0,PK,1571099931,36,25.52,69.77,302.79,3.589
471,buala,45,SB,1571099931,75,-8.15,159.59,302.09,3.76
472,chimoio,40,MZ,1571099931,83,-19.11,33.48,290.85,1.675
473,chizhou,95,CN,1571099931,49,30.67,117.49,291.78,4.315
474,chaman,0,AF,1571099931,23,30.92,66.46,289.12,1.455
475,wadowice,97,PL,1571099931,93,49.88,19.49,285.37,1.5
476,arlit,0,NE,1571099931,20,18.74,7.39,302.26,3.671
477,serafimovich,15,RU,1571099931,82,49.58,42.73,284.82,3.13
478,padang,77,ID,1571099931,68,-0.92,100.36,299.05,1.52
479,marsassoum,20,SN,1571099931,100,12.83,-15.98,298.15,1.0
480,la libertad,0,PE,1571099931,30,-16.38,-71.56,288.15,1.5
481,el alto,75,BO,1571099931,70,-16.5,-68.19,280.15,3.1
482,akhalgori,0,GE,1571099931,76,42.13,44.48,284.15,0.5
483,lugovoy,100,RU,1571099931,87,59.72,65.88,277.94,3.868
484,emerald,0,AU,1571099931,31,-23.53,148.16,306.48,4.1
485,marawi,26,PH,1571099931,76,8.0,124.29,302.04,1.79
486,chulman,100,RU,1571099931,85,56.84,124.9,269.77,4.827
487,puerto escondido,75,MX,1571099931,70,15.86,-97.07,302.15,3.1
488,namatanai,92,PG,1571099931,68,-3.66,152.44,302.29,2.103
489,moose factory,1,CA,1571099931,93,51.26,-80.61,276.15,2.6
490,nara,75,JP,1571099931,60,34.68,135.8,294.15,2.1
491,plouzane,22,FR,1571099931,93,48.38,-4.62,286.15,4.1
492,diapaga,100,BF,1571099931,81,12.07,1.79,298.36,3.17
493,lebedinyy,100,RU,1571099931,94,58.52,125.52,268.21,6.823
494,kangaatsiaq,100,GL,1571099931,87,68.31,-53.46,270.79,5.119
495,betera,18,ES,1571099931,51,39.58,-0.45,290.37,5.7
496,grindavik,90,IS,1571099931,87,63.84,-22.43,282.15,16.5
497,roald,98,NO,1571099931,75,62.58,6.12,280.15,5.1
498,kazanskaya,53,RU,1571099931,48,45.41,40.44,289.26,1.453
499,scarborough,100,GB,1571099931,100,54.28,-0.41,284.26,6.2
500,chapada dos guimaraes,100,BR,1571099931,61,-15.46,-55.75,300.15,3.359
501,zlitan,0,LY,1571099931,85,32.47,14.57,295.0,3.229
502,madaoua,35,NE,1571099931,22,14.07,5.96,301.44,1.772
503,ballina,100,IE,1571099931,96,54.11,-9.15,284.82,1.34
504,kambove,100,CD,1571099931,62,-10.88,26.6,291.44,1.98
505,half moon bay,20,US,1571099931,87,37.46,-122.43,297.15,3.1
506,ruteng,26,ID,1571099931,33,-8.61,120.46,303.38,2.792
507,ust-maya,100,RU,1571099931,84,60.42,134.54,269.44,2.046
508,kermanshah,11,IR,1571099931,86,34.32,47.07,287.15,1.701
509,podyuga,85,RU,1571099931,91,61.09,40.86,272.71,2.595
510,pinotepa de don luis,91,MX,1571099931,96,16.43,-97.98,296.38,0.322
511,lillooet,75,CA,1571099931,58,50.69,-121.94,285.15,2.454
512,zyryanovsk,86,KZ,1571099931,32,49.74,84.27,285.01,1.5
513,kahului,40,US,1571099931,52,20.89,-156.47,304.15,12.3
514,galesong,20,ID,1571099931,29,-5.32,119.37,304.15,1.0
515,goroka,24,PG,1571099931,71,-6.07,145.39,294.49,2.457
516,haldwani,0,IN,1571099931,66,29.22,79.53,296.84,0.354
517,jiazi,75,CN,1571099931,88,19.61,110.49,299.15,9.0
518,bichena,0,ET,1571099931,80,10.45,38.2,280.89,2.568
519,dodola,100,BF,1571099931,84,10.12,-3.28,296.34,1.812
520,faanui,12,PF,1571099931,83,-16.48,-151.75,298.6,8.42
521,bongor,67,TD,1571099931,86,10.28,15.37,297.12,2.114
522,chachapoyas,97,PE,1571099931,95,-6.23,-77.87,284.7,1.424
523,banepa,75,NP,1571099931,100,27.63,85.52,289.15,0.846
524,sokolka,71,RU,1571099931,78,52.46,43.89,285.23,7.052
525,chara,0,GR,1571099931,93,39.42,22.43,286.15,0.355
526,matai,75,TZ,1571099931,68,-8.3,31.52,291.15,3.1
527,uyuni,0,BO,1571099931,23,-20.46,-66.82,280.47,2.482
528,ambulu,54,ID,1571099931,83,-8.35,113.61,298.44,5.535
529,roma,20,IT,1571099931,87,41.89,12.48,290.93,1.5
530,port hardy,90,CA,1571099931,93,50.7,-127.42,282.15,9.8
531,carballo,50,ES,1571099931,93,43.21,-8.69,284.26,4.1
532,makubetsu,20,JP,1571099931,39,42.84,143.34,283.15,10.8
533,yar-sale,100,RU,1571099931,95,66.83,70.83,276.87,6.32
534,yerbogachen,100,RU,1571099931,97,61.28,108.01,274.42,3.304
535,newtonmore,71,GB,1571099931,93,57.07,-4.12,280.37,1.0
536,hun,100,BE,1571099931,72,50.34,4.87,290.15,6.2
537,nome,90,US,1571099931,94,30.04,-94.42,298.15,3.1
538,sorong,61,ID,1571099931,51,-0.86,131.25,306.38,0.921
539,tomatlan,100,MX,1571099931,98,19.93,-105.25,296.89,0.471
540,te anau,73,NZ,1571099931,89,-45.41,167.72,283.46,0.955
541,kamenka,0,MD,1571099931,91,48.03,28.7,277.04,1.104
542,limanowa,72,PL,1571099931,93,49.71,20.42,286.48,1.5
543,mantua,75,IT,1571099931,93,45.16,10.79,290.37,1.0
544,la ciotat,100,FR,1571099931,77,43.17,5.6,294.15,11.3
545,gainesville,90,US,1571099931,83,29.65,-82.33,298.15,2.1
546,belmonte,0,PT,1571099931,93,40.36,-7.35,281.48,2.299
547,inhambane,4,MZ,1571099931,80,-23.87,35.38,295.38,4.546
548,douentza,93,ML,1571099931,28,15.01,-2.95,305.3,1.659
549,yenisehir,0,TR,1571099931,93,40.26,29.65,289.15,0.962
550,tessalit,0,ML,1571099931,22,20.2,1.01,301.74,3.014
551,nelson,33,CA,1571099931,88,49.49,-117.29,273.1,0.917
552,kedrovyy,99,RU,1571099931,55,56.17,91.82,282.8,4.99
553,chatham,1,CA,1571099931,80,42.41,-82.19,281.48,1.0
554,bonthe,100,SL,1571099931,91,7.53,-12.5,298.18,1.2
555,santo domingo,40,DO,1571099931,88,18.48,-69.94,300.37,2.1
556,kumylzhenskaya,0,RU,1571099931,82,49.88,42.59,284.82,3.13
557,fomboni,10,KM,1571099931,83,-12.28,43.74,299.53,6.211
558,poum,0,MK,1571099931,78,41.28,20.71,283.66,0.541
559,lipno,0,PL,1571099931,94,52.85,19.18,286.48,0.45
560,santiago del estero,100,AR,1571099931,78,-27.8,-64.26,281.57,5.136
561,rancho palos verdes,5,US,1571099931,77,33.75,-118.37,294.26,5.1
562,bangkok,20,TH,1571099931,78,13.75,100.49,305.37,2.1
